{
  "version": 1,
  "author": "Anonymous maker",
  "editor": "wokwi",
  "parts": [
    {
      "type": "wokwi-breadboard",
      "id": "bb1",
      "top": -148.6,
      "left": -351.2,
      "rotate": 90,
      "attrs": {}
    },
    {
      "type": "board-esp32-s3-devkitc-1",
      "id": "esp",
      "top": -376.18,
      "left": -71.03,
      "attrs": {}
    },
    {
      "type": "wokwi-led",
      "id": "led1",
      "top": 104.8,
      "left": -46.6,
      "rotate": 270,
      "attrs": { "color": "blue" }
    },
    {
      "type": "wokwi-led",
      "id": "led2",
      "top": 76,
      "left": -46.6,
      "rotate": 270,
      "attrs": { "color": "limegreen" }
    },
    {
      "type": "wokwi-led",
      "id": "led3",
      "top": 47.2,
      "left": -46.6,
      "rotate": 270,
      "attrs": { "color": "yellow" }
    },
    {
      "type": "wokwi-led",
      "id": "led4",
      "top": 18.4,
      "left": -46.6,
      "rotate": 270,
      "attrs": { "color": "red" }
    },
    {
      "type": "wokwi-resistor",
      "id": "r5",
      "top": -82.45,
      "left": -115.2,
      "attrs": { "value": "1000" }
    },
    {
      "type": "wokwi-resistor",
      "id": "r6",
      "top": -53.65,
      "left": -115.2,
      "attrs": { "value": "1000" }
    },
    {
      "type": "wokwi-resistor",
      "id": "r7",
      "top": -24.85,
      "left": -115.2,
      "attrs": { "value": "1000" }
    },
    {
      "type": "wokwi-resistor",
      "id": "r8",
      "top": 3.95,
      "left": -115.2,
      "attrs": { "value": "1000" }
    },
    {
      "type": "wokwi-resistor",
      "id": "r1",
      "top": 42.35,
      "left": 0,
      "attrs": { "value": "1000" }
    },
    {
      "type": "wokwi-resistor",
      "id": "r2",
      "top": 99.95,
      "left": 0,
      "attrs": { "value": "1000" }
    },
    {
      "type": "wokwi-resistor",
      "id": "r3",
      "top": 71.15,
      "left": 0,
      "attrs": { "value": "1000" }
    },
    {
      "type": "wokwi-resistor",
      "id": "r4",
      "top": 128.75,
      "left": 0,
      "attrs": { "value": "1000" }
    },
    {
      "type": "wokwi-pushbutton-6mm",
      "id": "btn5",
      "top": -98.2,
      "left": -38.4,
      "attrs": { "color": "green", "xray": "1" }
    },
    {
      "type": "wokwi-pushbutton-6mm",
      "id": "btn1",
      "top": -11.8,
      "left": -38.4,
      "attrs": { "color": "green", "xray": "1" }
    },
    {
      "type": "wokwi-pushbutton-6mm",
      "id": "btn2",
      "top": -69.4,
      "left": -38.4,
      "attrs": { "color": "green", "xray": "1" }
    },
    {
      "type": "wokwi-pushbutton-6mm",
      "id": "btn3",
      "top": -40.6,
      "left": -38.4,
      "attrs": { "color": "green", "xray": "1" }
    }
  ],
  "connections": [
    [ "esp:TX", "$serialMonitor:RX", "", [] ],
    [ "esp:RX", "$serialMonitor:TX", "", [] ],
    [ "esp:3V3.1", "bb1:bp.1", "green", [ "v1.6", "h-39.65" ] ],
    [ "esp:GND.1", "bb1:bn.17", "black", [ "h0" ] ],
    [ "r6:1", "bb1:bn.26", "green", [ "v0" ] ],
    [ "r8:1", "bb1:bn.31", "green", [ "v0" ] ],
    [ "bb1:bp.21", "bb1:27b.j", "green", [ "h0" ] ],
    [ "bb1:bp.24", "bb1:30b.j", "green", [ "h0" ] ],
    [ "bb1:bp.26", "bb1:33b.j", "green", [ "h0" ] ],
    [ "bb1:36b.j", "bb1:bp.29", "green", [ "h0" ] ],
    [ "bb1:29b.g", "bb1:4b.j", "green", [ "h-38.4", "v-105.6" ] ],
    [ "esp:0", "bb1:14t.b", "", [ "$bb" ] ],
    [ "esp:1", "bb1:4t.b", "", [ "$bb" ] ],
    [ "esp:2", "bb1:5t.b", "", [ "$bb" ] ],
    [ "esp:3", "bb1:13b.i", "", [ "$bb" ] ],
    [ "esp:4", "bb1:4b.i", "", [ "$bb" ] ],
    [ "esp:5", "bb1:5b.i", "", [ "$bb" ] ],
    [ "esp:6", "bb1:6b.i", "", [ "$bb" ] ],
    [ "esp:7", "bb1:7b.i", "", [ "$bb" ] ],
    [ "esp:8", "bb1:12b.i", "", [ "$bb" ] ],
    [ "esp:9", "bb1:15b.i", "", [ "$bb" ] ],
    [ "esp:10", "bb1:16b.i", "", [ "$bb" ] ],
    [ "esp:11", "bb1:17b.i", "", [ "$bb" ] ],
    [ "esp:12", "bb1:18b.i", "", [ "$bb" ] ],
    [ "esp:13", "bb1:19b.i", "", [ "$bb" ] ],
    [ "esp:14", "bb1:20b.i", "", [ "$bb" ] ],
    [ "esp:15", "bb1:8b.i", "", [ "$bb" ] ],
    [ "esp:16", "bb1:9b.i", "", [ "$bb" ] ],
    [ "esp:17", "bb1:10b.i", "", [ "$bb" ] ],
    [ "esp:18", "bb1:11b.i", "", [ "$bb" ] ],
    [ "esp:19", "bb1:20t.b", "", [ "$bb" ] ],
    [ "esp:20", "bb1:19t.b", "", [ "$bb" ] ],
    [ "esp:21", "bb1:18t.b", "", [ "$bb" ] ],
    [ "esp:35", "bb1:13t.b", "", [ "$bb" ] ],
    [ "esp:36", "bb1:12t.b", "", [ "$bb" ] ],
    [ "esp:37", "bb1:11t.b", "", [ "$bb" ] ],
    [ "esp:38", "bb1:10t.b", "", [ "$bb" ] ],
    [ "esp:39", "bb1:9t.b", "", [ "$bb" ] ],
    [ "esp:40", "bb1:8t.b", "", [ "$bb" ] ],
    [ "esp:41", "bb1:7t.b", "", [ "$bb" ] ],
    [ "esp:42", "bb1:6t.b", "", [ "$bb" ] ],
    [ "esp:45", "bb1:15t.b", "", [ "$bb" ] ],
    [ "esp:46", "bb1:14b.i", "", [ "$bb" ] ],
    [ "esp:47", "bb1:17t.b", "", [ "$bb" ] ],
    [ "esp:48", "bb1:16t.b", "", [ "$bb" ] ],
    [ "esp:3V3.1", "bb1:1b.i", "", [ "$bb" ] ],
    [ "esp:3V3.2", "bb1:2b.i", "", [ "$bb" ] ],
    [ "esp:RST", "bb1:3b.i", "", [ "$bb" ] ],
    [ "esp:5V", "bb1:21b.i", "", [ "$bb" ] ],
    [ "esp:GND.1", "bb1:22b.i", "", [ "$bb" ] ],
    [ "esp:GND.2", "bb1:1t.b", "", [ "$bb" ] ],
    [ "esp:TX", "bb1:2t.b", "", [ "$bb" ] ],
    [ "esp:RX", "bb1:3t.b", "", [ "$bb" ] ],
    [ "esp:GND.3", "bb1:21t.b", "", [ "$bb" ] ],
    [ "esp:GND.4", "bb1:22t.b", "", [ "$bb" ] ],
    [ "r5:1", "bb1:bn.23", "", [ "$bb" ] ],
    [ "r5:2", "bb1:29b.h", "", [ "$bb" ] ],
    [ "r6:2", "bb1:32b.h", "", [ "$bb" ] ],
    [ "r7:1", "bb1:bn.28", "", [ "$bb" ] ],
    [ "r7:2", "bb1:35b.h", "", [ "$bb" ] ],
    [ "r8:2", "bb1:38b.h", "", [ "$bb" ] ],
    [ "btn1:1.l", "bb1:36b.f", "", [ "$bb" ] ],
    [ "btn1:2.l", "bb1:38b.f", "", [ "$bb" ] ],
    [ "btn1:1.r", "bb1:36t.e", "", [ "$bb" ] ],
    [ "btn1:2.r", "bb1:38t.e", "", [ "$bb" ] ],
    [ "btn3:1.l", "bb1:33b.f", "", [ "$bb" ] ],
    [ "btn3:2.l", "bb1:35b.f", "", [ "$bb" ] ],
    [ "btn3:1.r", "bb1:33t.e", "", [ "$bb" ] ],
    [ "btn3:2.r", "bb1:35t.e", "", [ "$bb" ] ],
    [ "bb1:32b.g", "bb1:5b.j", "green", [ "h-38.4", "v-278.4" ] ],
    [ "bb1:6b.j", "bb1:35b.g", "green", [ "h-9.6", "v-38.4" ] ],
    [ "bb1:38b.g", "bb1:7b.j", "green", [ "h-38.4", "v19.2" ] ],
    [ "led4:A", "bb1:41t.e", "", [ "$bb" ] ],
    [ "led4:C", "bb1:42t.e", "", [ "$bb" ] ],
    [ "led3:A", "bb1:44t.e", "", [ "$bb" ] ],
    [ "led3:C", "bb1:45t.e", "", [ "$bb" ] ],
    [ "led2:A", "bb1:47t.e", "", [ "$bb" ] ],
    [ "led2:C", "bb1:48t.e", "", [ "$bb" ] ],
    [ "led1:A", "bb1:50t.e", "", [ "$bb" ] ],
    [ "led1:C", "bb1:51t.e", "", [ "$bb" ] ],
    [ "r4:1", "bb1:51t.d", "", [ "$bb" ] ],
    [ "r4:2", "bb1:tn.41", "", [ "$bb" ] ],
    [ "esp:GND.4", "bb1:tn.17", "black", [ "h0" ] ],
    [ "esp:3V3.2", "bb1:tp.1", "green", [ "h0" ] ],
    [ "r2:1", "bb1:48t.d", "", [ "$bb" ] ],
    [ "r2:2", "bb1:tn.39", "", [ "$bb" ] ],
    [ "r3:1", "bb1:45t.d", "", [ "$bb" ] ],
    [ "r3:2", "bb1:tn.36", "", [ "$bb" ] ],
    [ "r1:1", "bb1:42t.d", "", [ "$bb" ] ],
    [ "r1:2", "bb1:tn.34", "", [ "$bb" ] ],
    [ "bb1:44t.a", "bb1:19t.a", "green", [ "h28.8", "v-230.4" ] ],
    [ "bb1:20t.a", "bb1:41t.a", "green", [ "h19.2", "v9.6" ] ],
    [ "bb1:47t.a", "bb1:18t.a", "green", [ "h38.4", "v-278.4", "h-28.8" ] ],
    [ "bb1:50t.a", "bb1:17t.a", "green", [ "h48", "v-316.8" ] ],
    [ "btn2:1.l", "bb1:30b.f", "", [ "$bb" ] ],
    [ "btn2:2.l", "bb1:32b.f", "", [ "$bb" ] ],
    [ "btn2:1.r", "bb1:30t.e", "", [ "$bb" ] ],
    [ "btn2:2.r", "bb1:32t.e", "", [ "$bb" ] ],
    [ "btn5:1.l", "bb1:27b.f", "", [ "$bb" ] ],
    [ "btn5:2.l", "bb1:29b.f", "", [ "$bb" ] ],
    [ "btn5:1.r", "bb1:27t.e", "", [ "$bb" ] ],
    [ "btn5:2.r", "bb1:29t.e", "", [ "$bb" ] ]
  ],
  "dependencies": {}
}